Shipping Line;Container Prefix;Tracking URL
MSC;GTIU;https://www.msc.com/en/track-a-shipment
MSC;MADU;https://www.msc.com/en/track-a-shipment
MSC;MEDU;https://www.msc.com/en/track-a-shipment
MSC;MSBU;https://www.msc.com/en/track-a-shipment
MSC;MSCU;https://www.msc.com/en/track-a-shipment
MSC;MSDU;https://www.msc.com/en/track-a-shipment
MSC;MSGU;https://www.msc.com/en/track-a-shipment
MSC;MSMU;https://www.msc.com/en/track-a-shipment
MSC;MSNU;https://www.msc.com/en/track-a-shipment
MSC;MSPU;https://www.msc.com/en/track-a-shipment
MSC;MSRU;https://www.msc.com/en/track-a-shipment
MSC;MSTU;https://www.msc.com/en/track-a-shipment
MSC;MSVU;https://www.msc.com/en/track-a-shipment
MSC;MSYU;https://www.msc.com/en/track-a-shipment
MSC;MSZU;https://www.msc.com/en/track-a-shipment
Maersk;MAEU;https://www.maersk.com/tracking/
Maersk;MSKU;https://www.maersk.com/tracking/
Maersk;MRKU;https://www.maersk.com/tracking/
Maersk;MSAU;https://www.maersk.com/tracking/
Maersk;APMU;https://www.maersk.com/tracking/
Maersk;CADU;https://www.maersk.com/tracking/
Maersk;CNIU;https://www.maersk.com/tracking/
Maersk;COZU;https://www.maersk.com/tracking/
Maersk;ENAU;https://www.maersk.com/tracking/
Maersk;FAAU;https://www.maersk.com/tracking/
Maersk;FRLU;https://www.maersk.com/tracking/
Maersk;KHJU;https://www.maersk.com/tracking/
Maersk;KHLU;https://www.maersk.com/tracking/
Maersk;KNLU;https://www.maersk.com/tracking/
Maersk;LOTU;https://www.maersk.com/tracking/
Maersk;MALU;https://www.maersk.com/tracking/
Maersk;MCAU;https://www.maersk.com/tracking/
Maersk;MCHU;https://www.maersk.com/tracking/
Maersk;MCIU;https://www.maersk.com/tracking/
Maersk;MCRU;https://www.maersk.com/tracking/
Maersk;MHHU;https://www.maersk.com/tracking/
Maersk;MIEU;https://www.maersk.com/tracking/
Maersk;MMAU;https://www.maersk.com/tracking/
Maersk;MNBU;https://www.maersk.com/tracking/
Maersk;MRFU;https://www.maersk.com/tracking/
Maersk;MRSU;https://www.maersk.com/tracking/
Maersk;MSFU;https://www.maersk.com/tracking/
Maersk;MSWU;https://www.maersk.com/tracking/
Maersk;MVIU;https://www.maersk.com/tracking/
Maersk;MWCU;https://www.maersk.com/tracking/
Maersk;MWMU;https://www.maersk.com/tracking/
Maersk;OCLU;https://www.maersk.com/tracking/
Maersk;POCU;https://www.maersk.com/tracking/
Maersk;PONU;https://www.maersk.com/tracking/
Maersk;SCMU;https://www.maersk.com/tracking/
Maersk;SEAU;https://www.maersk.com/tracking/
Maersk;SUDU;https://www.maersk.com/tracking/
Maersk;TORU;https://www.maersk.com/tracking/
Maersk;SLSE;https://www.maersk.com/tracking/
Maersk;SAFU;https://www.maersk.com/tracking/
Maersk;SAKU;https://www.maersk.com/tracking/
CMA CGM;AMCU;https://www.cma-cgm.com/ebusiness/tracking
CMA CGM;ANNU;https://www.cma-cgm.com/ebusiness/tracking
CMA CGM;APHU;https://www.cma-cgm.com/ebusiness/tracking
CMA CGM;APLU;https://www.cma-cgm.com/ebusiness/tracking
CMA CGM;APRU;https://www.cma-cgm.com/ebusiness/tracking
CMA CGM;APZU;https://www.cma-cgm.com/ebusiness/tracking
CMA CGM;CGMU;https://www.cma-cgm.com/ebusiness/tracking
CMA CGM;CMAU;https://www.cma-cgm.com/ebusiness/tracking
CMA CGM;CMNU;https://www.cma-cgm.com/ebusiness/tracking
CMA CGM;CNCU;https://www.cma-cgm.com/ebusiness/tracking
CMA CGM;CSFU;https://www.cma-cgm.com/ebusiness/tracking
CMA CGM;CSOU;https://www.cma-cgm.com/ebusiness/tracking
CMA CGM;CZLU;https://www.cma-cgm.com/ebusiness/tracking
CMA CGM;DVRU;https://www.cma-cgm.com/ebusiness/tracking
CMA CGM;ECMU;https://www.cma-cgm.com/ebusiness/tracking
CMA CGM;KLCU;https://www.cma-cgm.com/ebusiness/tracking
CMA CGM;MMCU;https://www.cma-cgm.com/ebusiness/tracking
CMA CGM;NOLU;https://www.cma-cgm.com/ebusiness/tracking
CMA CGM;NOSU;https://www.cma-cgm.com/ebusiness/tracking
CMA CGM;OPDU;https://www.cma-cgm.com/ebusiness/tracking
CMA CGM;OTAU;https://www.cma-cgm.com/ebusiness/tracking
CMA CGM;SMUU;https://www.cma-cgm.com/ebusiness/tracking
CMA CGM;SOFU;https://www.cma-cgm.com/ebusiness/tracking
CMA CGM;STMU;https://www.cma-cgm.com/ebusiness/tracking
COSCO Shipping Lines;COSU;https://elines.coscoshipping.com/ebusiness/cargoTracking
COSCO Shipping Lines;COEU;https://elines.coscoshipping.com/ebusiness/cargoTracking
COSCO Shipping Lines;CSPU;https://elines.coscoshipping.com/ebusiness/cargoTracking
COSCO Shipping Lines;CBHU;https://elines.coscoshipping.com/ebusiness/cargoTracking
COSCO Shipping Lines;CCLU;https://elines.coscoshipping.com/ebusiness/cargoTracking
COSCO Shipping Lines;CSGU;https://elines.coscoshipping.com/ebusiness/cargoTracking
COSCO Shipping Lines;CSLU;https://elines.coscoshipping.com/ebusiness/cargoTracking
COSCO Shipping Lines;CSNU;https://elines.coscoshipping.com/ebusiness/cargoTracking
COSCO Shipping Lines;LZTU;https://elines.coscoshipping.com/ebusiness/cargoTracking
COSCO Shipping Lines;YZTU;https://elines.coscoshipping.com/ebusiness/cargoTracking
COSCO Shipping Lines;BSDU;https://elines.coscoshipping.com/ebusiness/cargoTracking
COSCO Shipping Lines;VECU;https://elines.coscoshipping.com/ebusiness/cargoTracking
Hapag-Lloyd;HLCU;https://www.hapag-lloyd.com/en/online-business/track/track-by-container-solution.html
Hapag-Lloyd;HLXU;https://www.hapag-lloyd.com/en/online-business/track/track-by-container-solution.html
Hapag-Lloyd;HLBU;https://www.hapag-lloyd.com/en/online-business/track/track-by-container-solution.html
Hapag-Lloyd;HAMU;https://www.hapag-lloyd.com/en/online-business/track/track-by-container-solution.html
Hapag-Lloyd;AZLU;https://www.hapag-lloyd.com/en/online-business/track/track-by-container-solution.html
Hapag-Lloyd;CASU;https://www.hapag-lloyd.com/en/online-business/track/track-by-container-solution.html
Hapag-Lloyd;CMUU;https://www.hapag-lloyd.com/en/online-business/track/track-by-container-solution.html
Hapag-Lloyd;UACU;https://www.hapag-lloyd.com/en/online-business/track/track-by-container-solution.html
Hapag-Lloyd;UAEU;https://www.hapag-lloyd.com/en/online-business/track/track-by-container-solution.html
Hapag-Lloyd;UASU;https://www.hapag-lloyd.com/en/online-business/track/track-by-container-solution.html
Hapag-Lloyd;CPSU;https://www.hapag-lloyd.com/en/online-business/track/track-by-container-solution.html
Hapag-Lloyd;CSQU;https://www.hapag-lloyd.com/en/online-business/track/track-by-container-solution.html
Hapag-Lloyd;CSVU;https://www.hapag-lloyd.com/en/online-business/track/track-by-container-solution.html
Hapag-Lloyd;DALU;https://www.hapag-lloyd.com/en/online-business/track/track-by-container-solution.html
Hapag-Lloyd;DAYU;https://www.hapag-lloyd.com/en/online-business/track/track-by-container-solution.html
Hapag-Lloyd;FANU;https://www.hapag-lloyd.com/en/online-business/track/track-by-container-solution.html
Hapag-Lloyd;FMGU;https://www.hapag-lloyd.com/en/online-business/track/track-by-container-solution.html
Hapag-Lloyd;ITAU;https://www.hapag-lloyd.com/en/online-business/track/track-by-container-solution.html
Hapag-Lloyd;IVLU;https://www.hapag-lloyd.com/en/online-business/track/track-by-container-solution.html
Hapag-Lloyd;LYKU;https://www.hapag-lloyd.com/en/online-business/track/track-by-container-solution.html
Hapag-Lloyd;LYTU;https://www.hapag-lloyd.com/en/online-business/track/track-by-container-solution.html
Hapag-Lloyd;NDSU;https://www.hapag-lloyd.com/en/online-business/track/track-by-container-solution.html
Hapag-Lloyd;NIDU;https://www.hapag-lloyd.com/en/online-business/track/track-by-container-solution.html
Hapag-Lloyd;QIBU;https://www.hapag-lloyd.com/en/online-business/track/track-by-container-solution.html
Hapag-Lloyd;QNNU;https://www.hapag-lloyd.com/en/online-business/track/track-by-container-solution.html
Hapag-Lloyd;PLVU;https://www.hapag-lloyd.com/en/online-business/track/track-by-container-solution.html
Hapag-Lloyd;PSBU;https://www.hapag-lloyd.com/en/online-business/track/track-by-container-solution.html
Hapag-Lloyd;PCRU;https://www.hapag-lloyd.com/en/online-business/track/track-by-container-solution.html
Hapag-Lloyd;USCU;https://www.hapag-lloyd.com/en/online-business/track/track-by-container-solution.html
Hapag-Lloyd;TLEU;https://www.hapag-lloyd.com/en/online-business/track/track-by-container-solution.html
Hapag-Lloyd;MOMU;https://www.hapag-lloyd.com/en/online-business/track/track-by-container-solution.html
ONE;AKLU;https://ecomm.one-line.com/ecom/CUP_HOM_3301.do
ONE;EKLU;https://ecomm.one-line.com/ecom/CUP_HOM_3301.do
ONE;ESSU;https://ecomm.one-line.com/ecom/CUP_HOM_3301.do
ONE;KKFU;https://ecomm.one-line.com/ecom/CUP_HOM_3301.do
ONE;KKLU;https://ecomm.one-line.com/ecom/CUP_HOM_3301.do
ONE;KKTU;https://ecomm.one-line.com/ecom/CUP_HOM_3301.do
ONE;KLFU;https://ecomm.one-line.com/ecom/CUP_HOM_3301.do
ONE;KLTU;https://ecomm.one-line.com/ecom/CUP_HOM_3301.do
ONE;KXTU;https://ecomm.one-line.com/ecom/CUP_HOM_3301.do
ONE;MOAU;https://ecomm.one-line.com/ecom/CUP_HOM_3301.do
ONE;MOEU;https://ecomm.one-line.com/ecom/CUP_HOM_3301.do
ONE;MOFU;https://ecomm.one-line.com/ecom/CUP_HOM_3301.do
ONE;MOGU;https://ecomm.one-line.com/ecom/CUP_HOM_3301.do
ONE;MOLU;https://ecomm.one-line.com/ecom/CUP_HOM_3301.do
ONE;MORU;https://ecomm.one-line.com/ecom/CUP_HOM_3301.do
ONE;MOSU;https://ecomm.one-line.com/ecom/CUP_HOM_3301.do
ONE;MOTU;https://ecomm.one-line.com/ecom/CUP_HOM_3301.do
ONE;NYKU;https://ecomm.one-line.com/ecom/CUP_HOM_3301.do
ONE;ONEU;https://ecomm.one-line.com/ecom/CUP_HOM_3301.do
ONE;PXCU;https://ecomm.one-line.com/ecom/CUP_HOM_3301.do
Evergreen Marine;EGHU;https://ct.shipmentlink.com/servlet/TDB1_CargoTracking.do
Evergreen Marine;EGLU;https://ct.shipmentlink.com/servlet/TDB1_CargoTracking.do
Evergreen Marine;EISU;https://ct.shipmentlink.com/servlet/TDB1_CargoTracking.do
Evergreen Marine;EITU;https://ct.shipmentlink.com/servlet/TDB1_CargoTracking.do
Evergreen Marine;EMCU;https://ct.shipmentlink.com/servlet/TDB1_CargoTracking.do
Evergreen Marine;EGSU;https://ct.shipmentlink.com/servlet/TDB1_CargoTracking.do
Evergreen Marine;HMCU;https://ct.shipmentlink.com/servlet/TDB1_CargoTracking.do
Evergreen Marine;IMTU;https://ct.shipmentlink.com/servlet/TDB1_CargoTracking.do
Evergreen Marine;LTIU;https://ct.shipmentlink.com/servlet/TDB1_CargoTracking.do
Evergreen Marine;UGMU;https://ct.shipmentlink.com/servlet/TDB1_CargoTracking.do
HMM;HMMU;https://www.hmm21.com/company.do
HMM;HDMU;https://www.hmm21.com/company.do
HMM;GNRP;https://www.hmm21.com/company.do
HMM;HDMI;https://www.hmm21.com/company.do
HMM;HDGU;https://www.hmm21.com/company.do
HMM;HMRU;https://www.hmm21.com/company.do
YANG MING (Yang Ming Marine Transport Corporation);YMLU;https://www.yangming.com/e-service/track_trace/track_trace_cargo_tracking.aspx
YANG MING (Yang Ming Marine Transport Corporation);YMMU;https://www.yangming.com/e-service/track_trace/track_trace_cargo_tracking.aspx
ZIM;ZIMU;https://www.zim.com/tools/track-a-shipment
ZIM;ZCSU;https://www.zim.com/tools/track-a-shipment
ZIM;ZCLU;https://www.zim.com/tools/track-a-shipment
ZIM;ZMOU;https://www.zim.com/tools/track-a-shipment
WAN HAI Lines;WHLU;https://www.wanhai.com/views/cargoTrack/CargoTrack.xhtml
WAN HAI Lines;WHSU;https://www.wanhai.com/views/cargoTrack/CargoTrack.xhtml
PIL;PCIU;https://www.pilship.com/digital-solutions/?tab=customer&id=track-trace&label=containerTandT
PIL;PIDU;https://www.pilship.com/digital-solutions/?tab=customer&id=track-trace&label=containerTandT
PIL;PILU;https://www.pilship.com/digital-solutions/?tab=customer&id=track-trace&label=containerTandT
SITC Container Lines;SITC;https://ebusiness.sitcline.com/#/topMenu/cargoTrack
SITC Container Lines;SITU;https://ebusiness.sitcline.com/#/topMenu/cargoTrack
SITC Container Lines;CWFU;https://ebusiness.sitcline.com/#/topMenu/cargoTrack
SITC Container Lines;SWAU;https://ebusiness.sitcline.com/#/topMenu/cargoTrack
Sinokor Merchant Marine;SKRU;http://www.sinokor.co.kr/en/
Sinokor Merchant Marine;SKLU;http://www.sinokor.co.kr/en/
Sinokor Merchant Marine;SKHU;http://www.sinokor.co.kr/en/
Heung-A Line;HALU;http://www.heung-a.com/
Heung-A Line;HLHU;http://www.heung-a.com/
Heung-A Line;HASU;http://www.heung-a.com/
WEC LINES;HMKU;https://www.weclines.com/tracking/
WEC LINES;WECU;https://www.weclines.com/tracking/
Textainer;AMFU;https://tex.textainer.com/Equipment/StatusAndSpecificationsInquiry.aspx
Textainer;AMZU;https://tex.textainer.com/Equipment/StatusAndSpecificationsInquiry.aspx
Textainer;AXIU;https://tex.textainer.com/Equipment/StatusAndSpecificationsInquiry.aspx
Textainer;CHIU;https://tex.textainer.com/Equipment/StatusAndSpecificationsInquiry.aspx
Textainer;CLHU;https://tex.textainer.com/Equipment/StatusAndSpecificationsInquiry.aspx
Textainer;GAEU;https://tex.textainer.com/Equipment/StatusAndSpecificationsInquiry.aspx
Textainer;GATU;https://tex.textainer.com/Equipment/StatusAndSpecificationsInquiry.aspx
Textainer;GAZU;https://tex.textainer.com/Equipment/StatusAndSpecificationsInquiry.aspx
Textainer;HCIU;https://tex.textainer.com/Equipment/StatusAndSpecificationsInquiry.aspx
Textainer;KWCU;https://tex.textainer.com/Equipment/StatusAndSpecificationsInquiry.aspx
Textainer;MAXU;https://tex.textainer.com/Equipment/StatusAndSpecificationsInquiry.aspx
Textainer;MLCU;https://tex.textainer.com/Equipment/StatusAndSpecificationsInquiry.aspx
Textainer;PRSU;https://tex.textainer.com/Equipment/StatusAndSpecificationsInquiry.aspx
Textainer;TEMU;https://tex.textainer.com/Equipment/StatusAndSpecificationsInquiry.aspx
Textainer;TEXU;https://tex.textainer.com/Equipment/StatusAndSpecificationsInquiry.aspx
Textainer;TGHU;https://tex.textainer.com/Equipment/StatusAndSpecificationsInquiry.aspx
Textainer;TGBU;https://tex.textainer.com/Equipment/StatusAndSpecificationsInquiry.aspx
Textainer;TXGU;https://tex.textainer.com/Equipment/StatusAndSpecificationsInquiry.aspx
Textainer;WCIU;https://tex.textainer.com/Equipment/StatusAndSpecificationsInquiry.aspx
Textainer;XINU;https://tex.textainer.com/Equipment/StatusAndSpecificationsInquiry.aspx
Textainer;LLTU;https://tex.textainer.com/Equipment/StatusAndSpecificationsInquiry.aspx
Textainer;MAGU;https://tex.textainer.com/Equipment/StatusAndSpecificationsInquiry.aspx
Textainer;MGLU;https://tex.textainer.com/Equipment/StatusAndSpecificationsInquiry.aspx
Textainer;CEOU;https://tex.textainer.com/Equipment/StatusAndSpecificationsInquiry.aspx
Textainer;OCGU;https://tex.textainer.com/Equipment/StatusAndSpecificationsInquiry.aspx
Textainer;RFSU;https://tex.textainer.com/Equipment/StatusAndSpecificationsInquiry.aspx
Textainer;TENU;https://tex.textainer.com/Equipment/StatusAndSpecificationsInquiry.aspx
Textainer;THLU;https://tex.textainer.com/Equipment/StatusAndSpecificationsInquiry.aspx
Textainer;TXBU;https://tex.textainer.com/Equipment/StatusAndSpecificationsInquiry.aspx
Textainer;TXTU;https://tex.textainer.com/Equipment/StatusAndSpecificationsInquiry.aspx
Triton International;EQRU;https://tools.tritoncontainer.com/tritoncontainer/unitStatus/list
Triton International;GCXU;https://tools.tritoncontainer.com/tritoncontainer/unitStatus/list
Triton International;HNSU;https://tools.tritoncontainer.com/tritoncontainer/unitStatus/list
Triton International;ICSU;https://tools.tritoncontainer.com/tritoncontainer/unitStatus/list
Triton International;IKSU;https://tools.tritoncontainer.com/tritoncontainer/unitStatus/list
Triton International;MTRU;https://tools.tritoncontainer.com/tritoncontainer/unitStatus/list
Triton International;TCKU;https://tools.tritoncontainer.com/tritoncontainer/unitStatus/list
Triton International;TCLU;https://tools.tritoncontainer.com/tritoncontainer/unitStatus/list
Triton International;TCNU;https://tools.tritoncontainer.com/tritoncontainer/unitStatus/list
Triton International;TDRU;https://tools.tritoncontainer.com/tritoncontainer/unitStatus/list
Triton International;TDTU;https://tools.tritoncontainer.com/tritoncontainer/unitStatus/list
Triton International;TIIU;https://tools.tritoncontainer.com/tritoncontainer/unitStatus/list
Triton International;TLLU;https://tools.tritoncontainer.com/tritoncontainer/unitStatus/list
Triton International;TOLU;https://tools.tritoncontainer.com/tritoncontainer/unitStatus/list
Triton International;TPHU;https://tools.tritoncontainer.com/tritoncontainer/unitStatus/list
Triton International;TRDU;https://tools.tritoncontainer.com/tritoncontainer/unitStatus/list
Triton International;TRHU;https://tools.tritoncontainer.com/tritoncontainer/unitStatus/list
Triton International;TRIU;https://tools.tritoncontainer.com/tritoncontainer/unitStatus/list
Triton International;TRLU;https://tools.tritoncontainer.com/tritoncontainer/unitStatus/list
Triton International;TRVU;https://tools.tritoncontainer.com/tritoncontainer/unitStatus/list
Triton International;TTNU;https://tools.tritoncontainer.com/tritoncontainer/unitStatus/list
Triton International;YOIU;https://tools.tritoncontainer.com/tritoncontainer/unitStatus/list
Seaco;CLOU;https://seaweb.seacoglobal.com/sap/bc/ui5_ui5/sap/zseaco_ue17/index.html
Seaco;CRSU;https://seaweb.seacoglobal.com/sap/bc/ui5_ui5/sap/zseaco_ue17/index.html
Seaco;CRTU;https://seaweb.seacoglobal.com/sap/bc/ui5_ui5/sap/zseaco_ue17/index.html
Seaco;CRXU;https://seaweb.seacoglobal.com/sap/bc/ui5_ui5/sap/zseaco_ue17/index.html
Seaco;CUCU;https://seaweb.seacoglobal.com/sap/bc/ui5_ui5/sap/zseaco_ue17/index.html
Seaco;CXDU;https://seaweb.seacoglobal.com/sap/bc/ui5_ui5/sap/zseaco_ue17/index.html
Seaco;CXRU;https://seaweb.seacoglobal.com/sap/bc/ui5_ui5/sap/zseaco_ue17/index.html
Seaco;CXSU;https://seaweb.seacoglobal.com/sap/bc/ui5_ui5/sap/zseaco_ue17/index.html
Seaco;CXTU;https://seaweb.seacoglobal.com/sap/bc/ui5_ui5/sap/zseaco_ue17/index.html
Seaco;DNAU;https://seaweb.seacoglobal.com/sap/bc/ui5_ui5/sap/zseaco_ue17/index.html
Seaco;GCEU;https://seaweb.seacoglobal.com/sap/bc/ui5_ui5/sap/zseaco_ue17/index.html
Seaco;GESU;https://seaweb.seacoglobal.com/sap/bc/ui5_ui5/sap/zseaco_ue17/index.html
Seaco;GSTU;https://seaweb.seacoglobal.com/sap/bc/ui5_ui5/sap/zseaco_ue17/index.html
Seaco;HJMU;https://seaweb.seacoglobal.com/sap/bc/ui5_ui5/sap/zseaco_ue17/index.html
Seaco;IEAU;https://seaweb.seacoglobal.com/sap/bc/ui5_ui5/sap/zseaco_ue17/index.html
Seaco;SBOU;https://seaweb.seacoglobal.com/sap/bc/ui5_ui5/sap/zseaco_ue17/index.html
Seaco;SCEU;https://seaweb.seacoglobal.com/sap/bc/ui5_ui5/sap/zseaco_ue17/index.html
Seaco;SCXU;https://seaweb.seacoglobal.com/sap/bc/ui5_ui5/sap/zseaco_ue17/index.html
Seaco;SCZU;https://seaweb.seacoglobal.com/sap/bc/ui5_ui5/sap/zseaco_ue17/index.html
Seaco;SEGU;https://seaweb.seacoglobal.com/sap/bc/ui5_ui5/sap/zseaco_ue17/index.html
Seaco;SEKU;https://seaweb.seacoglobal.com/sap/bc/ui5_ui5/sap/zseaco_ue17/index.html
Seaco;SELU;https://seaweb.seacoglobal.com/sap/bc/ui5_ui5/sap/zseaco_ue17/index.html
Seaco;SEMU;https://seaweb.seacoglobal.com/sap/bc/ui5_ui5/sap/zseaco_ue17/index.html
SEACUBE;CMCU;https://seacube.intermodalportal.com/
SEACUBE;CRLU;https://seacube.intermodalportal.com/
SEACUBE;CTWU;https://seacube.intermodalportal.com/
SEACUBE;DRYU;https://seacube.intermodalportal.com/
SEACUBE;GAOU;https://seacube.intermodalportal.com/
SEACUBE;GIPU;https://seacube.intermodalportal.com/
SEACUBE;GSPU;https://seacube.intermodalportal.com/
SEACUBE;INBU;https://seacube.intermodalportal.com/
SEACUBE;INKU;https://seacube.intermodalportal.com/
SEACUBE;INNU;https://seacube.intermodalportal.com/
SEACUBE;INTU;https://seacube.intermodalportal.com/
SEACUBE;IPXU;https://seacube.intermodalportal.com/
SEACUBE;IRNU;https://seacube.intermodalportal.com/
SEACUBE;MGNU;https://seacube.intermodalportal.com/
SEACUBE;MTSU;https://seacube.intermodalportal.com/
SEACUBE;MTYU;https://seacube.intermodalportal.com/
SEACUBE;OTPU;https://seacube.intermodalportal.com/
SEACUBE;SDDU;https://seacube.intermodalportal.com/
SEACUBE;SEFU;https://seacube.intermodalportal.com/
SEACUBE;SZLU;https://seacube.intermodalportal.com/
SEACUBE;WBPU;https://seacube.intermodalportal.com/
CAI International;BCIU;https://www.capps.com/cgi-bin/publicUnitInfo2?UNIT=$&AUTH=25
CAI International;BEAU;https://www.capps.com/cgi-bin/publicUnitInfo2?UNIT=$&AUTH=26
CAI International;BENU;https://www.capps.com/cgi-bin/publicUnitInfo2?UNIT=$&AUTH=27
CAI International;BMOU;https://www.capps.com/cgi-bin/publicUnitInfo2?UNIT=$&AUTH=28
CAI International;CAAU;https://www.capps.com/cgi-bin/publicUnitInfo2?UNIT=$&AUTH=29
CAI International;CAHU;https://www.capps.com/cgi-bin/publicUnitInfo2?UNIT=$&AUTH=30
CAI International;CAIU;https://www.capps.com/cgi-bin/publicUnitInfo2?UNIT=$&AUTH=31
CAI International;CAJU;https://www.capps.com/cgi-bin/publicUnitInfo2?UNIT=$&AUTH=32
CAI International;CAOU;https://www.capps.com/cgi-bin/publicUnitInfo2?UNIT=$&AUTH=33
CAI International;CAXU;https://www.capps.com/cgi-bin/publicUnitInfo2?UNIT=$&AUTH=34
CAI International;CAZU;https://www.capps.com/cgi-bin/publicUnitInfo2?UNIT=$&AUTH=35
CAI International;CESU;https://www.capps.com/cgi-bin/publicUnitInfo2?UNIT=$&AUTH=36
CAI International;CIPU;https://www.capps.com/cgi-bin/publicUnitInfo2?UNIT=$&AUTH=37
CAI International;CMHU;https://www.capps.com/cgi-bin/publicUnitInfo2?UNIT=$&AUTH=38
CAI International;CNEU;https://www.capps.com/cgi-bin/publicUnitInfo2?UNIT=$&AUTH=39
CAI International;CZZU;https://www.capps.com/cgi-bin/publicUnitInfo2?UNIT=$&AUTH=40
CAI International;NEVU;https://www.capps.com/cgi-bin/publicUnitInfo2?UNIT=$&AUTH=41
CAI International;OTEU;https://www.capps.com/cgi-bin/publicUnitInfo2?UNIT=$&AUTH=42
CAI International;SKYU;https://www.capps.com/cgi-bin/publicUnitInfo2?UNIT=$&AUTH=43
CAI International;SKZU;https://www.capps.com/cgi-bin/publicUnitInfo2?UNIT=$&AUTH=44
CAI International;STJU;https://www.capps.com/cgi-bin/publicUnitInfo2?UNIT=$&AUTH=45
Cordelia Line;CYSU;https://cordelialine.com/tracking/
Cordelia Line;CSYU;https://cordelialine.com/tracking/
SARJAK CONTAINER LINES;ACTU;https://sarjak.com/track-and-trace/
SARJAK CONTAINER LINES;SJKU;https://sarjak.com/track-and-trace/
